<?xml version="1.0" encoding="utf-8"?><feed xmlns="http://www.w3.org/2005/Atom" ><generator uri="https://jekyllrb.com/" version="3.8.4">Jekyll</generator><link href="http://beta.victorsobrado.com/feed.xml" rel="self" type="application/atom+xml" /><link href="http://beta.victorsobrado.com/" rel="alternate" type="text/html" /><updated>2018-10-05T16:20:31+00:00</updated><id>http://beta.victorsobrado.com/feed.xml</id><title type="html">Victor Sobrado - Cool stuff, tips, moments</title><subtitle>Cool stuff, tips, moments</subtitle><entry><title type="html">Community Gardening</title><link href="http://beta.victorsobrado.com/2018/08/29/urban-farming.html" rel="alternate" type="text/html" title="Community Gardening" /><published>2018-08-29T11:03:50+00:00</published><updated>2018-08-29T11:03:50+00:00</updated><id>http://beta.victorsobrado.com/2018/08/29/urban-farming</id><content type="html" xml:base="http://beta.victorsobrado.com/2018/08/29/urban-farming.html">&lt;h1 id=&quot;rr-in-the-garden&quot;&gt;R&amp;amp;R in the Garden&lt;/h1&gt;
&lt;p&gt;&lt;img src=&quot;/assets/FullSizeRender.jpeg&quot; alt=&quot;One day's pickings. ✌&quot; title=&quot;One day's pickings. ✌&quot; /&gt;&lt;/p&gt;

&lt;p&gt;Earlier this season, we’ve decided to give a shot at gardening. Having only grown tomatoes and peppers on the east coast in containers, this was a relaxing and enjoyable way to have plenty of fresh vegetables. In particular, we’re going to have enough pickles to last for quite some time.&lt;/p&gt;

&lt;h1 id=&quot;its-been-fairly-dry-though&quot;&gt;It’s been fairly dry, though.&lt;/h1&gt;
&lt;p&gt;&lt;img src=&quot;/assets/IMG_2177-e1535562206534.jpeg&quot; alt=&quot;It's been fairly dry.&quot; title=&quot;It's been fairly dry.&quot; /&gt;
There have been plenty lessons learned such as the proper spacing for tomatoes and dealing with common pests like the Japanese Beetle and small Rabbits. Next year we’re going to rent an additional plot in the community garden and shoot for more Zucchini. &lt;/p&gt;

&lt;p&gt;&lt;img src=&quot;https://res.cloudinary.com/dk9eddrdy/image/fetch/c_limit,f_auto,q_auto,w_800/http://beta.victorsobrado.com/2018/08/29/IMG_1300-150x150.jpg&quot; srcset=&quot;https://res.cloudinary.com/dk9eddrdy/image/fetch/c_limit,f_auto,q_auto,w_150/http://beta.victorsobrado.com/2018/08/29/IMG_1300-150x150.jpg 150w&quot; sizes=&quot;(min-width: 50rem) 50rem, 90vw&quot; alt=&quot;beautiful!&quot; width=&quot;150&quot; height=&quot;150&quot; crossorigin=&quot;anonymous&quot; /&gt;&lt;/p&gt;</content><author><name>Victor Sobrado</name></author><summary type="html">R&amp;amp;R in the Garden</summary></entry><entry><title type="html">Voicemail MongoDB query for OpenUC 16.04+ Mailbox report</title><link href="http://beta.victorsobrado.com/2018/08/29/easy-mongodb-query-for-openuc-16-04.html" rel="alternate" type="text/html" title="Voicemail MongoDB query for OpenUC 16.04+ Mailbox report" /><published>2018-08-29T10:32:21+00:00</published><updated>2018-08-29T10:32:21+00:00</updated><id>http://beta.victorsobrado.com/2018/08/29/easy-mongodb-query-for-openuc-16-04</id><content type="html" xml:base="http://beta.victorsobrado.com/2018/08/29/easy-mongodb-query-for-openuc-16-04.html">&lt;p&gt;&lt;!-- wp:paragraph --&gt;&lt;br /&gt;
Once upon a time, the best way to check on the number of stored voicemails was by using the Java tool:&lt;/p&gt;
&lt;pre&gt;&lt;code&gt; java -jar /usr/share/java/sipXecs/sipXivr/gridfs-voicemail-cli.jar --queryMailbox 303 &lt;/code&gt;&lt;/pre&gt;
&lt;p&gt;As of version 16.04 which comes with an upgraded version of MongoDB, we can simply run this query instead of checking individual mailboxes with a bash script.&lt;/p&gt;
&lt;pre&gt;&lt;code&gt;db.fs.files.aggregate([
    {&quot;$group&quot;:
        {_id:&quot;$metadata.user&quot;, 
             &quot;Inbox&quot;:{
                    &quot;$sum&quot;:{
                        &quot;$cond&quot;:{if :{&quot;$eq&quot;:[&quot;$metadata.folder&quot;, &quot;inbox&quot;]}, then: 1, else: 0}
                         }
                   },
             &quot;Saved&quot;:{
                    &quot;$sum&quot;:{
                        &quot;$cond&quot;:{if :{&quot;$eq&quot;:[&quot;$metadata.folder&quot;, &quot;saved&quot;]}, then: 1, else: 0}
                         }
                    },
             &quot;Conference&quot;:{
                    &quot;$sum&quot;:{
                        &quot;$cond&quot;:{if :{&quot;$eq&quot;:[&quot;$metadata.folder&quot;, &quot;conference&quot;]}, then: 1, else: 0}
                         }
                   },
             &quot;Deleted&quot;:{
                    &quot;$sum&quot;:{
                        &quot;$cond&quot;:{if :{&quot;$eq&quot;:[&quot;$metadata.folder&quot;, &quot;deleted&quot;]}, then: 1, else: 0}
                         }
                   }
            }
    }
    ])&lt;/code&gt;&lt;/pre&gt;
&lt;p&gt;Which, should give you something like this:&lt;/p&gt;
&lt;pre&gt;&lt;code&gt;
...
    {
      &quot;_id&quot;: &quot;137&quot;,
      &quot;Inbox&quot;: 3,

      &quot;Saved&quot;: 1,
      &quot;Conference&quot;: 0,
      &quot;Deleted&quot;: 3
    },
    {
      &quot;_id&quot;: &quot;145&quot;,
      &quot;Inbox&quot;: 0,
      &quot;Saved&quot;: 1,
      &quot;Conference&quot;: 0,
      &quot;Deleted&quot;: 12
    }
...
&lt;/code&gt;&lt;/pre&gt;
&lt;p&gt;&lt;!-- /wp:paragraph --&gt;&lt;/p&gt;</content><author><name>{&quot;login&quot;=&gt;&quot;vsobrado&quot;, &quot;email&quot;=&gt;&quot;victorsobrado@gmail.com&quot;, &quot;display_name&quot;=&gt;&quot;vsobrado&quot;, &quot;first_name&quot;=&gt;&quot;&quot;, &quot;last_name&quot;=&gt;&quot;&quot;}</name><email>victorsobrado@gmail.com</email></author><summary type="html">Once upon a time, the best way to check on the number of stored voicemails was by using the Java tool: java -jar /usr/share/java/sipXecs/sipXivr/gridfs-voicemail-cli.jar --queryMailbox 303 As of version 16.04 which comes with an upgraded version of MongoDB, we can simply run this query instead of checking individual mailboxes with a bash script. db.fs.files.aggregate([ {&quot;$group&quot;: {_id:&quot;$metadata.user&quot;, &quot;Inbox&quot;:{ &quot;$sum&quot;:{ &quot;$cond&quot;:{if :{&quot;$eq&quot;:[&quot;$metadata.folder&quot;, &quot;inbox&quot;]}, then: 1, else: 0} } }, &quot;Saved&quot;:{ &quot;$sum&quot;:{ &quot;$cond&quot;:{if :{&quot;$eq&quot;:[&quot;$metadata.folder&quot;, &quot;saved&quot;]}, then: 1, else: 0} } }, &quot;Conference&quot;:{ &quot;$sum&quot;:{ &quot;$cond&quot;:{if :{&quot;$eq&quot;:[&quot;$metadata.folder&quot;, &quot;conference&quot;]}, then: 1, else: 0} } }, &quot;Deleted&quot;:{ &quot;$sum&quot;:{ &quot;$cond&quot;:{if :{&quot;$eq&quot;:[&quot;$metadata.folder&quot;, &quot;deleted&quot;]}, then: 1, else: 0} } } } } ]) Which, should give you something like this: ... { &quot;_id&quot;: &quot;137&quot;, &quot;Inbox&quot;: 3,</summary></entry><entry><title type="html">I guess it’s fitting to visit Victor, Colorado, Right?</title><link href="http://beta.victorsobrado.com/colorado/2018/03/31/i-guess-its-fitting-to-visit-victor-colorado-right.html" rel="alternate" type="text/html" title="I guess it's fitting to visit Victor, Colorado, Right?" /><published>2018-03-31T12:30:13+00:00</published><updated>2018-03-31T12:30:13+00:00</updated><id>http://beta.victorsobrado.com/colorado/2018/03/31/i-guess-its-fitting-to-visit-victor-colorado-right</id><content type="html" xml:base="http://beta.victorsobrado.com/colorado/2018/03/31/i-guess-its-fitting-to-visit-victor-colorado-right.html">&lt;p&gt;&lt;img src=&quot;https://res.cloudinary.com/dk9eddrdy/image/upload/v1537463872/victorsobrado.com/IMG_1306-2000x1200.jpg&quot; alt=&quot;Mine&quot; /&gt;&lt;/p&gt;</content><author><name>{&quot;login&quot;=&gt;&quot;vsobrado&quot;, &quot;email&quot;=&gt;&quot;victorsobrado@gmail.com&quot;, &quot;display_name&quot;=&gt;&quot;vsobrado&quot;, &quot;first_name&quot;=&gt;&quot;&quot;, &quot;last_name&quot;=&gt;&quot;&quot;}</name><email>victorsobrado@gmail.com</email></author><category term="colorado" /><category term="mines" /><category term="mining" /><category term="victor" /><summary type="html"></summary></entry></feed>